Built,n,prop
3.4.1,68,0.3617021276595745
3.4.2,2,0.010638297872340425
3.4.3,118,0.6276595744680851
